variant_id,protein,uniprot_id,pos,wt,mut,label,clinvar_id,clinical_significance,review_status
SOD1_T3M,SOD1,P00441,3,T,M,0,VCV003348663,Uncertain significance,no assertion criteria provided
SOD1_K4E,SOD1,P00441,4,K,E,1,VCV002138372,Pathogenic,"criteria provided, multiple submitters, no conflicts"
SOD1_A5S,SOD1,P00441,5,A,S,1,VCV000873321,Pathogenic,"criteria provided, multiple submitters, no conflicts"
SOD1_A5T,SOD1,P00441,5,A,T,1,VCV000014765,Pathogenic,"criteria provided, multiple submitters, no conflicts"
SOD1_A5V,SOD1,P00441,5,A,V,1,VCV000014763,Pathogenic,"criteria provided, multiple submitters, no conflicts"
SOD1_V6A,SOD1,P00441,6,V,A,0,VCV001391413,Uncertain significance,"criteria provided, single submitter"
SOD1_V6K,SOD1,P00441,6,V,K,0,VCV003657075,Uncertain significance,"criteria provided, single submitter"
SOD1_V6M,SOD1,P00441,6,V,M,1,VCV001926438,Likely pathogenic,"criteria provided, single submitter"
SOD1_C7F,SOD1,P00441,7,C,F,1,VCV000014771,Pathogenic,no assertion criteria provided
SOD1_C7G,SOD1,P00441,7,C,G,1,VCV001500897,Likely pathogenic,"criteria provided, single submitter"
SOD1_C7S,SOD1,P00441,7,C,S,1,VCV001500887,Pathogenic,"criteria provided, single submitter"
SOD1_C7Y,SOD1,P00441,7,C,Y,0,VCV003723826,Uncertain significance,"criteria provided, single submitter"
SOD1_L9Q,SOD1,P00441,9,L,Q,0,VCV002138373,Uncertain significance,"criteria provided, single submitter"
SOD1_L9V,SOD1,P00441,9,L,V,0,VCV001409977,Uncertain significance,"criteria provided, multiple submitters, no conflicts"
SOD1_G11A,SOD1,P00441,11,G,A,1,VCV003345429,Pathogenic,no assertion criteria provided
SOD1_G11C,SOD1,P00441,11,G,C,0,VCV003571711,Uncertain significance,"criteria provided, single submitter"
SOD1_D12Y,SOD1,P00441,12,D,Y,1,VCV002690932,Likely pathogenic,"criteria provided, single submitter"
SOD1_G13R,SOD1,P00441,13,G,R,1,VCV000014780,Likely pathogenic,"criteria provided, multiple submitters, no conflicts"
SOD1_G13S,SOD1,P00441,13,G,S,0,VCV003637813,Uncertain significance,"criteria provided, single submitter"
SOD1_P14S,SOD1,P00441,14,P,S,0,VCV003613819,Uncertain significance,"criteria provided, single submitter"
SOD1_V15G,SOD1,P00441,15,V,G,1,VCV001500907,Likely pathogenic,"criteria provided, single submitter"
SOD1_V15L,SOD1,P00441,15,V,L,1,VCV001514873,Pathogenic/Likely pathogenic,"criteria provided, multiple submitters, no conflicts"
SOD1_V15M,SOD1,P00441,15,V,M,1,VCV000873322,Pathogenic/Likely pathogenic,"criteria provided, multiple submitters, no conflicts"
SOD1_G17A,SOD1,P00441,17,G,A,1,VCV000586638,Pathogenic/Likely pathogenic,"criteria provided, multiple submitters, no conflicts"
SOD1_G17C,SOD1,P00441,17,G,C,1,VCV001477719,Likely pathogenic,"criteria provided, single submitter"
SOD1_G17S,SOD1,P00441,17,G,S,1,VCV000014776,Pathogenic,no assertion criteria provided
SOD1_I19F,SOD1,P00441,19,I,F,0,VCV002004638,Uncertain significance,"criteria provided, single submitter"
SOD1_I19T,SOD1,P00441,19,I,T,0,VCV000652612,Uncertain significance,"criteria provided, single submitter"
SOD1_N20I,SOD1,P00441,20,N,I,0,VCV002857833,Uncertain significance,"criteria provided, single submitter"
SOD1_F21C,SOD1,P00441,21,F,C,1,VCV001459352,Pathogenic,"criteria provided, single submitter"
SOD1_F21L,SOD1,P00441,21,F,L,1,VCV000859765,Pathogenic/Likely pathogenic,"criteria provided, multiple submitters, no conflicts"
SOD1_E22K,SOD1,P00441,22,E,K,1,VCV000014773,Pathogenic,no assertion criteria provided
SOD1_Q23L,SOD1,P00441,23,Q,L,1,VCV000873323,Pathogenic/Likely pathogenic,"criteria provided, multiple submitters, no conflicts"
SOD1_Q23P,SOD1,P00441,23,Q,P,1,VCV002866770,Likely pathogenic,"criteria provided, single submitter"
SOD1_Q23R,SOD1,P00441,23,Q,R,1,VCV003778880,Likely pathogenic,"criteria provided, single submitter"
SOD1_K31N,SOD1,P00441,31,K,N,0,VCV001396752,Uncertain significance,"criteria provided, single submitter"
SOD1_W33R,SOD1,P00441,33,W,R,0,VCV000872802,Uncertain significance,"criteria provided, single submitter"
SOD1_S35T,SOD1,P00441,35,S,T,0,VCV003959638,Uncertain significance,"criteria provided, single submitter"
SOD1_I36F,SOD1,P00441,36,I,F,0,VCV000392404,Uncertain significance,"criteria provided, multiple submitters, no conflicts"
SOD1_I36T,SOD1,P00441,36,I,T,0,VCV003637815,Uncertain significance,"criteria provided, single submitter"
SOD1_G38R,SOD1,P00441,38,G,R,1,VCV000549678,Pathogenic,"criteria provided, multiple submitters, no conflicts"
SOD1_L39Q,SOD1,P00441,39,L,Q,1,VCV002138374,Likely pathogenic,"criteria provided, single submitter"
SOD1_L39V,SOD1,P00441,39,L,V,1,VCV000014753,Pathogenic/Likely pathogenic,"criteria provided, multiple submitters, no conflicts"
SOD1_G42D,SOD1,P00441,42,G,D,1,VCV000014755,Pathogenic,"criteria provided, multiple submitters, no conflicts"
SOD1_G42S,SOD1,P00441,42,G,S,1,VCV000014754,Pathogenic,"criteria provided, multiple submitters, no conflicts"
SOD1_H44R,SOD1,P00441,44,H,R,1,VCV000014756,Pathogenic,"criteria provided, multiple submitters, no conflicts"
SOD1_F46C,SOD1,P00441,46,F,C,1,VCV000014781,Pathogenic,no assertion criteria provided
SOD1_H47R,SOD1,P00441,47,H,R,1,VCV000014764,Pathogenic,"criteria provided, multiple submitters, no conflicts"
SOD1_V48A,SOD1,P00441,48,V,A,1,VCV001018905,Likely pathogenic,"criteria provided, multiple submitters, no conflicts"
SOD1_V48F,SOD1,P00441,48,V,F,1,VCV003349795,Likely pathogenic,no assertion criteria provided
SOD1_V48I,SOD1,P00441,48,V,I,0,VCV003359787,Uncertain significance,"criteria provided, multiple submitters, no conflicts"
SOD1_H49R,SOD1,P00441,49,H,R,1,VCV000807693,Pathogenic/Likely pathogenic,"criteria provided, multiple submitters, no conflicts"
SOD1_E50K,SOD1,P00441,50,E,K,0,VCV000658902,Uncertain significance,"criteria provided, single submitter"
SOD1_T55I,SOD1,P00441,55,T,I,0,VCV003637816,Uncertain significance,"criteria provided, single submitter"
SOD1_T55R,SOD1,P00441,55,T,R,0,VCV004535488,Uncertain significance,"criteria provided, single submitter"
SOD1_S60I,SOD1,P00441,60,S,I,0,VCV001678021,Uncertain significance,"criteria provided, single submitter"
SOD1_S60N,SOD1,P00441,60,S,N,0,VCV002918340,Uncertain significance,"criteria provided, single submitter"
SOD1_F65C,SOD1,P00441,65,F,C,1,VCV003778879,Likely pathogenic,"criteria provided, single submitter"
SOD1_N66S,SOD1,P00441,66,N,S,1,VCV001709733,Pathogenic/Likely pathogenic,"criteria provided, multiple submitters, no conflicts"
SOD1_P67L,SOD1,P00441,67,P,L,0,VCV004293538,Uncertain significance,"criteria provided, single submitter"
SOD1_P67R,SOD1,P00441,67,P,R,1,VCV003897013,Likely pathogenic,"criteria provided, single submitter"
SOD1_L68P,SOD1,P00441,68,L,P,1,VCV003781333,Likely pathogenic,"criteria provided, single submitter"
SOD1_S69P,SOD1,P00441,69,S,P,1,VCV000873197,Likely pathogenic,"criteria provided, single submitter"
SOD1_R70G,SOD1,P00441,70,R,G,0,VCV001414851,Uncertain significance,"criteria provided, multiple submitters, no conflicts"
SOD1_H72Q,SOD1,P00441,72,H,Q,0,VCV001484236,Uncertain significance,"criteria provided, single submitter"
SOD1_H72Y,SOD1,P00441,72,H,Y,1,VCV000873198,Likely pathogenic,"criteria provided, single submitter"
SOD1_G73C,SOD1,P00441,73,G,C,0,VCV003723827,Uncertain significance,"criteria provided, single submitter"
SOD1_G73S,SOD1,P00441,73,G,S,1,VCV000014779,Likely pathogenic,"criteria provided, multiple submitters, no conflicts"
SOD1_G74R,SOD1,P00441,74,G,R,0,VCV000536143,Uncertain significance,"criteria provided, single submitter"
SOD1_D77V,SOD1,P00441,77,D,V,1,VCV001030809,Pathogenic/Likely pathogenic,"criteria provided, multiple submitters, no conflicts"
SOD1_D77Y,SOD1,P00441,77,D,Y,1,VCV000805494,Pathogenic/Likely pathogenic,"criteria provided, multiple submitters, no conflicts"
SOD1_H81R,SOD1,P00441,81,H,R,1,VCV000014782,Pathogenic,"criteria provided, single submitter"
SOD1_H81Y,SOD1,P00441,81,H,Y,1,VCV002059610,Likely pathogenic,"criteria provided, single submitter"
SOD1_V82D,SOD1,P00441,82,V,D,0,VCV003637817,Uncertain significance,"criteria provided, single submitter"
SOD1_D84N,SOD1,P00441,84,D,N,0,VCV003723828,Uncertain significance,"criteria provided, single submitter"
SOD1_L85F,SOD1,P00441,85,L,F,1,VCV000855744,Pathogenic/Likely pathogenic,"criteria provided, multiple submitters, no conflicts"
SOD1_L85V,SOD1,P00441,85,L,V,1,VCV000014775,Pathogenic,no assertion criteria provided
SOD1_G86R,SOD1,P00441,86,G,R,1,VCV000014758,Pathogenic,"criteria provided, multiple submitters, no conflicts"
SOD1_G86S,SOD1,P00441,86,G,S,1,VCV000932081,Pathogenic/Likely pathogenic,"criteria provided, multiple submitters, no conflicts"
SOD1_N87S,SOD1,P00441,87,N,S,1,VCV000468253,Pathogenic,"criteria provided, multiple submitters, no conflicts"
SOD1_V88A,SOD1,P00441,88,V,A,1,VCV000858432,Pathogenic/Likely pathogenic,"criteria provided, multiple submitters, no conflicts"
SOD1_V88M,SOD1,P00441,88,V,M,1,VCV000873199,Pathogenic/Likely pathogenic,"criteria provided, multiple submitters, no conflicts"
SOD1_A90V,SOD1,P00441,90,A,V,1,VCV001191297,Pathogenic/Likely pathogenic,"criteria provided, multiple submitters, no conflicts"
SOD1_D91V,SOD1,P00441,91,D,V,1,VCV001802147,Pathogenic,"criteria provided, single submitter"
SOD1_D93V,SOD1,P00441,93,D,V,0,VCV002817285,Uncertain significance,"criteria provided, single submitter"
SOD1_G94A,SOD1,P00441,94,G,A,1,VCV000014760,Pathogenic,"criteria provided, single submitter"
SOD1_G94C,SOD1,P00441,94,G,C,1,VCV000014759,Pathogenic,"criteria provided, single submitter"
SOD1_G94D,SOD1,P00441,94,G,D,1,VCV001072003,Pathogenic,"criteria provided, multiple submitters, no conflicts"
SOD1_G94R,SOD1,P00441,94,G,R,1,VCV000014784,Pathogenic,"criteria provided, multiple submitters, no conflicts"
SOD1_G94S,SOD1,P00441,94,G,S,1,VCV002634277,Pathogenic,"criteria provided, single submitter"
SOD1_V95A,SOD1,P00441,95,V,A,0,VCV003605801,Uncertain significance,"criteria provided, single submitter"
SOD1_V95M,SOD1,P00441,95,V,M,0,VCV004281385,Uncertain significance,"criteria provided, single submitter"
SOD1_A96T,SOD1,P00441,96,A,T,1,VCV002197104,Likely pathogenic,"criteria provided, multiple submitters, no conflicts"
SOD1_A96V,SOD1,P00441,96,A,V,0,VCV001430718,Uncertain significance,"criteria provided, single submitter"
SOD1_D97V,SOD1,P00441,97,D,V,1,VCV000692200,Likely pathogenic,"criteria provided, single submitter"
SOD1_V98L,SOD1,P00441,98,V,L,0,VCV002138375,Uncertain significance,"criteria provided, single submitter"
SOD1_E101G,SOD1,P00441,101,E,G,1,VCV000014761,Pathogenic,"criteria provided, multiple submitters, no conflicts"
SOD1_E101K,SOD1,P00441,101,E,K,1,VCV000574319,Pathogenic/Likely pathogenic,"criteria provided, multiple submitters, no conflicts"
SOD1_D102H,SOD1,P00441,102,D,H,1,VCV001066874,Pathogenic,"criteria provided, single submitter"
SOD1_D102N,SOD1,P00441,102,D,N,1,VCV002736984,Pathogenic,"criteria provided, single submitter"
SOD1_I105F,SOD1,P00441,105,I,F,1,VCV000014767,Likely pathogenic,"criteria provided, single submitter"
SOD1_S106L,SOD1,P00441,106,S,L,1,VCV000695024,Pathogenic/Likely pathogenic,"criteria provided, multiple submitters, no conflicts"
SOD1_L107F,SOD1,P00441,107,L,F,1,VCV000934816,Pathogenic,"criteria provided, single submitter"
SOD1_L107V,SOD1,P00441,107,L,V,1,VCV000014757,Pathogenic,"criteria provided, multiple submitters, no conflicts"
SOD1_G109R,SOD1,P00441,109,G,R,0,VCV000586632,Uncertain significance,"criteria provided, multiple submitters, no conflicts"
SOD1_D110Y,SOD1,P00441,110,D,Y,0,VCV000899185,Uncertain significance,"criteria provided, multiple submitters, no conflicts"
SOD1_H111Y,SOD1,P00441,111,H,Y,0,VCV000989369,Uncertain significance,"criteria provided, single submitter"
SOD1_C112Y,SOD1,P00441,112,C,Y,1,VCV002138376,Pathogenic,"criteria provided, single submitter"
SOD1_I113M,SOD1,P00441,113,I,M,1,VCV004292153,Likely pathogenic,"criteria provided, single submitter"
SOD1_I113T,SOD1,P00441,113,I,T,1,VCV000014762,Pathogenic,"criteria provided, single submitter"
SOD1_I114M,SOD1,P00441,114,I,M,1,VCV002018599,Likely pathogenic,"criteria provided, single submitter"
SOD1_I114T,SOD1,P00441,114,I,T,1,VCV000197145,Pathogenic/Likely pathogenic,"criteria provided, multiple submitters, no conflicts"
SOD1_G115A,SOD1,P00441,115,G,A,1,VCV002138377,Pathogenic,"criteria provided, single submitter"
SOD1_G115S,SOD1,P00441,115,G,S,1,VCV000932453,Likely pathogenic,"criteria provided, single submitter"
SOD1_R116G,SOD1,P00441,116,R,G,1,VCV000805495,Pathogenic/Likely pathogenic,"criteria provided, multiple submitters, no conflicts"
SOD1_R116S,SOD1,P00441,116,R,S,1,VCV003897014,Likely pathogenic,"criteria provided, single submitter"
SOD1_V119L,SOD1,P00441,119,V,L,0,VCV000448436,Uncertain significance,"criteria provided, single submitter"
SOD1_V120F,SOD1,P00441,120,V,F,1,VCV003781334,Likely pathogenic,"criteria provided, single submitter"
SOD1_V120L,SOD1,P00441,120,V,L,1,VCV001489352,Pathogenic/Likely pathogenic,"criteria provided, multiple submitters, no conflicts"
SOD1_H121L,SOD1,P00441,121,H,L,0,VCV001693766,Uncertain significance,"criteria provided, single submitter"
SOD1_H121Q,SOD1,P00441,121,H,Q,0,VCV003587665,Uncertain significance,"criteria provided, single submitter"
SOD1_E122K,SOD1,P00441,122,E,K,1,VCV003637818,Likely pathogenic,"criteria provided, single submitter"
SOD1_D125A,SOD1,P00441,125,D,A,0,VCV000586634,Uncertain significance,"criteria provided, single submitter"
SOD1_D125G,SOD1,P00441,125,D,G,1,VCV001212596,Pathogenic/Likely pathogenic,"criteria provided, multiple submitters, no conflicts"
SOD1_D125V,SOD1,P00441,125,D,V,1,VCV001067619,Pathogenic/Likely pathogenic,"criteria provided, multiple submitters, no conflicts"
SOD1_D126A,SOD1,P00441,126,D,A,1,VCV000973542,Likely pathogenic,"criteria provided, single submitter"
SOD1_D126N,SOD1,P00441,126,D,N,1,VCV000873200,Likely pathogenic,"criteria provided, single submitter"
SOD1_D126Y,SOD1,P00441,126,D,Y,0,VCV001708986,Uncertain significance,"criteria provided, single submitter"
SOD1_L127S,SOD1,P00441,127,L,S,1,VCV002138379,Pathogenic,"criteria provided, single submitter"
SOD1_G130R,SOD1,P00441,130,G,R,0,VCV002727345,Uncertain significance,"criteria provided, multiple submitters, no conflicts"
SOD1_N132K,SOD1,P00441,132,N,K,1,VCV001064422,Likely pathogenic,"criteria provided, single submitter"
SOD1_E134G,SOD1,P00441,134,E,G,1,VCV002138380,Pathogenic,"criteria provided, single submitter"
SOD1_E134K,SOD1,P00441,134,E,K,1,VCV000873201,Likely pathogenic,"criteria provided, single submitter"
SOD1_E134V,SOD1,P00441,134,E,V,0,VCV002138381,Uncertain significance,"criteria provided, single submitter"
SOD1_S135N,SOD1,P00441,135,S,N,1,VCV000014774,Pathogenic,no assertion criteria provided
SOD1_T138I,SOD1,P00441,138,T,I,1,VCV001163753,Pathogenic/Likely pathogenic,"criteria provided, multiple submitters, no conflicts"
SOD1_G139E,SOD1,P00441,139,G,E,0,VCV000649792,Uncertain significance,"criteria provided, single submitter"
SOD1_G139V,SOD1,P00441,139,G,V,0,VCV002093561,Uncertain significance,"criteria provided, single submitter"
SOD1_N140K,SOD1,P00441,140,N,K,1,VCV000586635,Pathogenic,"criteria provided, multiple submitters, no conflicts"
SOD1_A141G,SOD1,P00441,141,A,G,0,VCV000586636,Uncertain significance,"criteria provided, multiple submitters, no conflicts"
SOD1_A141P,SOD1,P00441,141,A,P,0,VCV003348117,Uncertain significance,no assertion criteria provided
SOD1_G142V,SOD1,P00441,142,G,V,1,VCV002000951,Likely pathogenic,"criteria provided, single submitter"
SOD1_L145F,SOD1,P00441,145,L,F,1,VCV000873203,Pathogenic,"criteria provided, single submitter"
SOD1_L145S,SOD1,P00441,145,L,S,1,VCV000014768,Pathogenic,"criteria provided, multiple submitters, no conflicts"
SOD1_A146D,SOD1,P00441,146,A,D,1,VCV000266063,Likely pathogenic,"criteria provided, single submitter"
SOD1_A146T,SOD1,P00441,146,A,T,1,VCV000014769,Likely pathogenic,"criteria provided, single submitter"
SOD1_A146V,SOD1,P00441,146,A,V,1,VCV001475411,Likely pathogenic,"criteria provided, single submitter"
SOD1_C147R,SOD1,P00441,147,C,R,1,VCV002138382,Likely pathogenic,"criteria provided, single submitter"
SOD1_G148A,SOD1,P00441,148,G,A,1,VCV003602194,Likely pathogenic,"criteria provided, single submitter"
SOD1_G148C,SOD1,P00441,148,G,C,1,VCV002652587,Likely pathogenic,"criteria provided, single submitter"
SOD1_G148D,SOD1,P00441,148,G,D,1,VCV000536142,Pathogenic/Likely pathogenic,"criteria provided, multiple submitters, no conflicts"
SOD1_V149G,SOD1,P00441,149,V,G,1,VCV000873204,Pathogenic/Likely pathogenic,"criteria provided, multiple submitters, no conflicts"
SOD1_V149I,SOD1,P00441,149,V,I,1,VCV001711542,Likely pathogenic,"criteria provided, multiple submitters, no conflicts"
SOD1_I150M,SOD1,P00441,150,I,M,1,VCV001343332,Likely pathogenic,"criteria provided, single submitter"
SOD1_I150N,SOD1,P00441,150,I,N,1,VCV001685450,Likely pathogenic,"criteria provided, single submitter"
SOD1_I150S,SOD1,P00441,150,I,S,1,VCV003068571,Likely pathogenic,"criteria provided, single submitter"
SOD1_I150T,SOD1,P00441,150,I,T,1,VCV001455194,Pathogenic/Likely pathogenic,"criteria provided, multiple submitters, no conflicts"
SOD1_I150V,SOD1,P00441,150,I,V,0,VCV001061106,Uncertain significance,"criteria provided, single submitter"
SOD1_I152N,SOD1,P00441,152,I,N,1,VCV003778877,Likely pathogenic,"criteria provided, single submitter"
SOD1_I152S,SOD1,P00441,152,I,S,0,VCV001002443,Uncertain significance,"criteria provided, single submitter"
SOD1_I152T,SOD1,P00441,152,I,T,1,VCV000014772,Pathogenic,no assertion criteria provided
SOD1_A153T,SOD1,P00441,153,A,T,0,VCV000899187,Uncertain significance,"criteria provided, multiple submitters, no conflicts"
